{
  "minecraft:recipes/decorations/crafting_table": {
    "criteria": {
      "unlock_right_away": "2024-05-12 02:06:55 +0000"
    },
    "done": true
  },
  "betterdeserttemples:root": {
    "criteria": {
      "always": "2024-05-12 02:06:55 +0000"
    },
    "done": true
  },
  "dungeons_arise:wda_root": {
    "criteria": {
      "WDA": "2024-05-12 02:06:55 +0000"
    },
    "done": true
  },
  "betterdungeons:root": {
    "criteria": {
      "always": "2024-05-12 02:06:55 +0000"
    },
    "done": true
  },
  "regions_unexplored:regions_explored": {
    "criteria": {
      "silver_birch_forest": "2024-05-12 02:11:24 +0000",
      "shrubland": "2024-05-12 02:20:47 +0000",
      "pine_taiga": "2024-05-12 02:48:19 +0000",
      "sparse_rainforest": "2024-05-12 02:52:44 +0000",
      "autumnal_maple_forest": "2024-05-12 02:09:41 +0000",
      "ancient_delta": "2024-05-12 02:08:07 +0000",
      "willow_forest": "2024-05-12 02:44:01 +0000",
      "rocky_reef": "2024-05-12 03:00:14 +0000",
      "poppy_fields": "2024-05-12 02:09:33 +0000",
      "grassy_beach": "2024-05-12 02:20:57 +0000",
      "rocky_meadow": "2024-05-12 02:18:20 +0000",
      "blackwood_taiga": "2024-05-12 02:49:52 +0000",
      "ochard": "2024-05-12 02:06:57 +0000",
      "flower_fields": "2024-05-12 02:07:44 +0000",
      "highland_fields": "2024-05-12 02:09:28 +0000",
      "tropical_river": "2024-05-12 02:52:41 +0000",
      "eucalyptus_forest": "2024-05-12 02:54:49 +0000",
      "magnolia_highlands": "2024-05-12 02:43:00 +0000",
      "outback": "2024-05-12 02:54:51 +0000",
      "joshua_desert": "2024-05-12 02:55:04 +0000",
      "sparse_redwoods": "2024-05-12 02:50:37 +0000",
      "deciduous_forest": "2024-05-12 03:01:49 +0000",
      "chalk_cliffs": "2024-05-12 02:59:03 +0000",
      "bamboo_forest": "2024-05-12 03:00:59 +0000",
      "saguaro_desert": "2024-05-12 02:55:02 +0000",
      "temperate_grove": "2024-05-12 02:47:32 +0000",
      "cold_river": "2024-05-12 02:09:47 +0000",
      "pumpkin_fields": "2024-05-12 02:09:48 +0000",
      "grassland": "2024-05-12 03:00:44 +0000",
      "prairie": "2024-05-12 03:01:30 +0000",
      "gravel_beach": "2024-05-12 02:10:19 +0000",
      "redwoods": "2024-05-12 03:00:37 +0000",
      "rainforest": "2024-05-12 02:53:13 +0000",
      "lupine_plains": "2024-05-12 03:08:18 +0000"
    },
    "done": false
  },
  "regions_unexplored:pioneer": {
    "criteria": {
      "silver_birch_forest": "2024-05-12 02:11:24 +0000",
      "shrubland": "2024-05-12 02:20:47 +0000",
      "pine_taiga": "2024-05-12 02:48:19 +0000",
      "sparse_rainforest": "2024-05-12 02:52:44 +0000",
      "autumnal_maple_forest": "2024-05-12 02:09:41 +0000",
      "willow_forest": "2024-05-12 02:44:01 +0000",
      "rocky_reef": "2024-05-12 03:00:14 +0000",
      "poppy_fields": "2024-05-12 02:09:33 +0000",
      "grassy_beach": "2024-05-12 02:20:57 +0000",
      "rocky_meadow": "2024-05-12 02:18:20 +0000",
      "blackwood_taiga": "2024-05-12 02:49:52 +0000",
      "ochard": "2024-05-12 02:06:57 +0000",
      "flower_fields": "2024-05-12 02:07:44 +0000",
      "highland_fields": "2024-05-12 02:09:28 +0000",
      "tropical_river": "2024-05-12 02:52:41 +0000",
      "eucalyptus_forest": "2024-05-12 02:54:49 +0000",
      "magnolia_highlands": "2024-05-12 02:43:00 +0000",
      "outback": "2024-05-12 02:54:51 +0000",
      "joshua_desert": "2024-05-12 02:55:04 +0000",
      "sparse_redwoods": "2024-05-12 02:50:37 +0000",
      "deciduous_forest": "2024-05-12 03:01:49 +0000",
      "chalk_cliffs": "2024-05-12 02:59:03 +0000",
      "bamboo_forest": "2024-05-12 03:00:59 +0000",
      "saguaro_desert": "2024-05-12 02:55:02 +0000",
      "temperate_grove": "2024-05-12 02:47:32 +0000",
      "cold_river": "2024-05-12 02:09:47 +0000",
      "pumpkin_fields": "2024-05-12 02:09:48 +0000",
      "grassland": "2024-05-12 03:00:44 +0000",
      "prairie": "2024-05-12 03:01:30 +0000",
      "gravel_beach": "2024-05-12 02:10:19 +0000",
      "redwoods": "2024-05-12 03:00:37 +0000",
      "rainforest": "2024-05-12 02:53:13 +0000",
      "lupine_plains": "2024-05-12 03:08:18 +0000"
    },
    "done": false
  },
  "regions_unexplored:parent": {
    "criteria": {
      "load_in_world": "2024-05-12 02:06:57 +0000"
    },
    "done": true
  },
  "regions_unexplored:spelunker": {
    "criteria": {
      "ancient_delta": "2024-05-12 02:08:07 +0000"
    },
    "done": false
  },
  "biomesoplenty:biomesoplenty/all_biomes": {
    "criteria": {
      "shrubland": "2024-05-12 02:41:05 +0000",
      "fungal_jungle": "2024-05-12 03:03:25 +0000",
      "lush_savanna": "2024-05-12 02:53:51 +0000",
      "lush_desert": "2024-05-12 02:53:22 +0000",
      "seasonal_orchard": "2024-05-12 02:11:06 +0000",
      "seasonal_forest": "2024-05-12 02:10:28 +0000",
      "rocky_rainforest": "2024-05-12 02:50:07 +0000",
      "grassland": "2024-05-12 02:48:47 +0000",
      "rainforest": "2024-05-12 02:51:29 +0000"
    },
    "done": false
  },
  "biomesoplenty:biomesoplenty/root": {
    "criteria": {
      "seasonal_forest": "2024-05-12 02:10:28 +0000"
    },
    "done": true
  },
  "minecraft:adventure/adventuring_time": {
    "criteria": {
      "minecraft:deep_ocean": "2024-05-12 02:24:19 +0000",
      "minecraft:wooded_badlands": "2024-05-12 02:56:13 +0000",
      "minecraft:beach": "2024-05-12 02:10:36 +0000",
      "minecraft:river": "2024-05-12 02:11:01 +0000",
      "minecraft:lukewarm_ocean": "2024-05-12 03:00:18 +0000",
      "minecraft:stony_shore": "2024-05-12 02:15:17 +0000",
      "minecraft:cold_ocean": "2024-05-12 02:10:57 +0000",
      "minecraft:forest": "2024-05-12 02:42:59 +0000",
      "minecraft:desert": "2024-05-12 02:57:14 +0000",
      "minecraft:ocean": "2024-05-12 02:20:52 +0000",
      "minecraft:warm_ocean": "2024-05-12 02:57:20 +0000",
      "minecraft:plains": "2024-05-12 02:13:34 +0000"
    },
    "done": false
  },
  "dungeons_arise:find_bathhouse": {
    "criteria": {
      "location0": "2024-05-12 02:13:37 +0000"
    },
    "done": true
  },
  "regions_unexplored:recipes/transportation/maple_boat": {
    "criteria": {
      "in_water": "2024-05-12 02:25:46 +0000"
    },
    "done": true
  },
  "regions_unexplored:recipes/transportation/pine_boat": {
    "criteria": {
      "in_water": "2024-05-12 02:25:46 +0000"
    },
    "done": true
  },
  "regions_unexplored:recipes/transportation/eucalyptus_boat": {
    "criteria": {
      "in_water": "2024-05-12 02:25:46 +0000"
    },
    "done": true
  },
  "biomesoplenty:recipes/transportation/willow_boat": {
    "criteria": {
      "in_water": "2024-05-12 02:25:46 +0000"
    },
    "done": true
  },
  "regions_unexplored:recipes/transportation/magnolia_boat": {
    "criteria": {
      "in_water": "2024-05-12 02:25:46 +0000"
    },
    "done": true
  },
  "regions_unexplored:recipes/transportation/palm_boat": {
    "criteria": {
      "in_water": "2024-05-12 02:25:46 +0000"
    },
    "done": true
  },
  "biomesoplenty:recipes/transportation/fir_boat": {
    "criteria": {
      "in_water": "2024-05-12 02:25:46 +0000"
    },
    "done": true
  },
  "minecraft:recipes/transportation/cherry_boat": {
    "criteria": {
      "in_water": "2024-05-12 02:25:46 +0000"
    },
    "done": true
  },
  "regions_unexplored:recipes/transportation/socotra_boat": {
    "criteria": {
      "in_water": "2024-05-12 02:25:46 +0000"
    },
    "done": true
  },
  "biomesoplenty:recipes/transportation/umbran_boat": {
    "criteria": {
      "in_water": "2024-05-12 02:25:46 +0000"
    },
    "done": true
  },
  "minecraft:recipes/transportation/bamboo_raft": {
    "criteria": {
      "in_water": "2024-05-12 02:25:46 +0000"
    },
    "done": true
  },
  "biomesoplenty:recipes/transportation/dead_boat": {
    "criteria": {
      "in_water": "2024-05-12 02:25:46 +0000"
    },
    "done": true
  },
  "minecraft:recipes/transportation/spruce_boat": {
    "criteria": {
      "in_water": "2024-05-12 02:25:46 +0000"
    },
    "done": true
  },
  "regions_unexplored:recipes/transportation/oak_boat": {
    "criteria": {
      "in_water": "2024-05-12 02:25:46 +0000"
    },
    "done": true
  },
  "biomesoplenty:recipes/transportation/magic_boat": {
    "criteria": {
      "in_water": "2024-05-12 02:25:46 +0000"
    },
    "done": true
  },
  "minecraft:recipes/transportation/birch_boat": {
    "criteria": {
      "in_water": "2024-05-12 02:25:46 +0000"
    },
    "done": true
  },
  "regions_unexplored:recipes/transportation/dead_boat": {
    "criteria": {
      "in_water": "2024-05-12 02:25:46 +0000"
    },
    "done": true
  },
  "minecraft:recipes/transportation/oak_boat": {
    "criteria": {
      "in_water": "2024-05-12 02:25:46 +0000"
    },
    "done": true
  },
  "regions_unexplored:recipes/transportation/kapok_boat": {
    "criteria": {
      "in_water": "2024-05-12 02:25:46 +0000"
    },
    "done": true
  },
  "biomesoplenty:recipes/transportation/redwood_boat": {
    "criteria": {
      "in_water": "2024-05-12 02:25:46 +0000"
    },
    "done": true
  },
  "regions_unexplored:recipes/transportation/cypress_boat": {
    "criteria": {
      "in_water": "2024-05-12 02:25:46 +0000"
    },
    "done": true
  },
  "minecraft:recipes/transportation/mangrove_boat": {
    "criteria": {
      "in_water": "2024-05-12 02:25:46 +0000"
    },
    "done": true
  },
  "regions_unexplored:recipes/transportation/mauve_boat": {
    "criteria": {
      "in_water": "2024-05-12 02:25:46 +0000"
    },
    "done": true
  },
  "biomesoplenty:recipes/transportation/hellbark_boat": {
    "criteria": {
      "in_water": "2024-05-12 02:25:46 +0000"
    },
    "done": true
  },
  "regions_unexplored:recipes/transportation/redwood_boat": {
    "criteria": {
      "in_water": "2024-05-12 02:25:46 +0000"
    },
    "done": true
  },
  "biomesoplenty:recipes/transportation/jacaranda_boat": {
    "criteria": {
      "in_water": "2024-05-12 02:25:46 +0000"
    },
    "done": true
  },
  "regions_unexplored:recipes/transportation/larch_boat": {
    "criteria": {
      "in_water": "2024-05-12 02:25:46 +0000"
    },
    "done": true
  },
  "biomesoplenty:recipes/transportation/mahogany_boat": {
    "criteria": {
      "in_water": "2024-05-12 02:25:46 +0000"
    },
    "done": true
  },
  "biomesoplenty:recipes/transportation/palm_boat": {
    "criteria": {
      "in_water": "2024-05-12 02:25:46 +0000"
    },
    "done": true
  },
  "regions_unexplored:recipes/transportation/baobab_boat": {
    "criteria": {
      "in_water": "2024-05-12 02:25:46 +0000"
    },
    "done": true
  },
  "minecraft:recipes/transportation/acacia_boat": {
    "criteria": {
      "in_water": "2024-05-12 02:25:46 +0000"
    },
    "done": true
  },
  "regions_unexplored:recipes/transportation/willow_boat": {
    "criteria": {
      "in_water": "2024-05-12 02:25:46 +0000"
    },
    "done": true
  },
  "regions_unexplored:recipes/transportation/joshua_boat": {
    "criteria": {
      "in_water": "2024-05-12 02:25:46 +0000"
    },
    "done": true
  },
  "minecraft:recipes/transportation/jungle_boat": {
    "criteria": {
      "in_water": "2024-05-12 02:25:46 +0000"
    },
    "done": true
  },
  "minecraft:recipes/transportation/dark_oak_boat": {
    "criteria": {
      "in_water": "2024-05-12 02:25:46 +0000"
    },
    "done": true
  },
  "regions_unexplored:recipes/transportation/blackwood_boat": {
    "criteria": {
      "in_water": "2024-05-12 02:25:46 +0000"
    },
    "done": true
  },
  "dungeons_arise:find_small_blimp": {
    "criteria": {
      "location0": "2024-05-12 02:51:22 +0000"
    },
    "done": true
  },
  "DataVersion": 3465
}